GICS Code,Name,Tickers,Mapping Type,Parent Industry,Parent Sector
10101010,Oil & Gas Drilling,IEZ,Direct,Energy Equipment & Services,Energy
10101020,Oil & Gas Equipment & Services,"XES, IEZ",Industry Fallback,Energy Equipment & Services,Energy
10102010,Integrated Oil & Gas,"XOP, IEO",Industry Fallback,"Oil, Gas & Consumable Fuels",Energy
10102020,Oil & Gas Exploration & Production,"XOP, IEO",Industry Fallback,"Oil, Gas & Consumable Fuels",Energy
10102030,Oil & Gas Refining & Marketing,"XOP, IEO",Industry Fallback,"Oil, Gas & Consumable Fuels",Energy
10102040,Oil & Gas Storage & Transportation,"XOP, IEO",Industry Fallback,"Oil, Gas & Consumable Fuels",Energy
10102050,Coal & Consumable Fuels,"XOP, IEO",Industry Fallback,"Oil, Gas & Consumable Fuels",Energy
15101010,Commodity Chemicals,"XLB, VAW",Industry Fallback,Chemicals,Materials
15101020,Diversified Chemicals,"XLB, VAW",Industry Fallback,Chemicals,Materials
15101030,Fertilizers & Agricultural Chemicals,"XLB, VAW",Industry Fallback,Chemicals,Materials
15101040,Industrial Gases,"XLB, VAW",Industry Fallback,Chemicals,Materials
15101050,Specialty Chemicals,"XLB, VAW",Industry Fallback,Chemicals,Materials
15102010,Construction Materials,"XLB, VAW",Industry Group Fallback,Construction Materials,Materials
15103010,"Metal, Glass & Plastic Containers","XLB, VAW",Industry Group Fallback,Containers & Packaging,Materials
15103020,Paper & Plastic Packaging Products & Materials,"XLB, VAW",Industry Group Fallback,Containers & Packaging,Materials
15104010,Aluminum,"XME, PICK",Industry Fallback,Metals & Mining,Materials
15104020,Diversified Metals & Mining,"XME, PICK",Industry Fallback,Metals & Mining,Materials
15104025,Copper,COPX,Direct,Metals & Mining,Materials
15104030,Gold,"GDX, GDXJ",Direct,Metals & Mining,Materials
15104040,Precious Metals & Minerals,"XME, PICK",Industry Fallback,Metals & Mining,Materials
15104045,Silver,"SIL, SILJ",Direct,Metals & Mining,Materials
15104050,Steel,SLX,Direct,Metals & Mining,Materials
15105010,Forest Products,"XLB, VAW",Industry Group Fallback,Paper & Forest Products,Materials
15105020,Paper Products,"XLB, VAW",Industry Group Fallback,Paper & Forest Products,Materials
20101010,Aerospace & Defense,"ITA, XAR, PPA",Industry Fallback,Aerospace & Defense,Industrials
20102010,Building Products,"XLI, VIS",Industry Group Fallback,Building Products,Industrials
20103010,Construction & Engineering,"XLI, VIS",Industry Group Fallback,Construction & Engineering,Industrials
20104010,Electrical Components & Equipment,"XLI, VIS",Industry Group Fallback,Electrical Equipment,Industrials
20104020,Heavy Electrical Equipment,"XLI, VIS",Industry Group Fallback,Electrical Equipment,Industrials
20105010,Industrial Conglomerates,"XLI, VIS",Industry Group Fallback,Industrial Conglomerates,Industrials
20106010,Construction Machinery & Heavy Transportation Equipment,"XLI, VIS",Industry Group Fallback,Machinery,Industrials
20106015,Agricultural & Farm Machinery,"XLI, VIS",Industry Group Fallback,Machinery,Industrials
20106020,Industrial Machinery & Supplies & Components,"XLI, VIS",Industry Group Fallback,Machinery,Industrials
20107010,Trading Companies & Distributors,"XLI, VIS",Industry Group Fallback,Trading Companies & Distributors,Industrials
20201010,Commercial Printing,"XLI, IJB",Industry Group Fallback,Commercial Services & Supplies,Industrials
20201050,Environmental & Facilities Services,"XLI, IJB",Industry Group Fallback,Commercial Services & Supplies,Industrials
20201060,Office Services & Supplies,"XLI, IJB",Industry Group Fallback,Commercial Services & Supplies,Industrials
20201070,Diversified Support Services,"XLI, IJB",Industry Group Fallback,Commercial Services & Supplies,Industrials
20201080,Security & Alarm Services,"XLI, IJB",Industry Group Fallback,Commercial Services & Supplies,Industrials
20202010,Human Resource & Employment Services,"XLI, IJB",Industry Group Fallback,Professional Services,Industrials
20202020,Research & Consulting Services,"XLI, IJB",Industry Group Fallback,Professional Services,Industrials
20202030,Data Processing & Outsourced Services,"XLI, IJB",Industry Group Fallback,Professional Services,Industrials
20301010,Air Freight & Logistics,"IYT, XTN",Industry Group Fallback,Air Freight & Logistics,Industrials
20302010,Passenger Airlines,JETS,Direct,Passenger Airlines,Industrials
20303010,Marine Transportation,"IYT, XTN",Industry Group Fallback,Marine Transportation,Industrials
20304010,Rail Transportation,"IYT, XTN",Industry Group Fallback,Ground Transportation,Industrials
20304030,Cargo Ground Transportation,"IYT, XTN",Industry Group Fallback,Ground Transportation,Industrials
20304040,Passenger Ground Transportation,"IYT, XTN",Industry Group Fallback,Ground Transportation,Industrials
20305010,Airport Services,"IYT, XTN",Industry Group Fallback,Transportation Infrastructure,Industrials
20305020,Highways & Railtracks,"IYT, XTN",Industry Group Fallback,Transportation Infrastructure,Industrials
20305030,Marine Ports & Services,"IYT, XTN",Industry Group Fallback,Transportation Infrastructure,Industrials
25101010,Automotive Parts & Equipment,"CARZ, DRIV",Industry Group Fallback,Automobile Components,Consumer Discretionary
25101020,Tires & Rubber,"CARZ, DRIV",Industry Group Fallback,Automobile Components,Consumer Discretionary
25102010,Automobile Manufacturers,"CARZ, DRIV",Industry Group Fallback,Automobiles,Consumer Discretionary
25102020,Motorcycle Manufacturers,"CARZ, DRIV",Industry Group Fallback,Automobiles,Consumer Discretionary
25201010,Consumer Electronics,"XHB, ITB, XRT",Industry Group Fallback,Household Durables,Consumer Discretionary
25201020,Home Furnishings,"XHB, ITB, XRT",Industry Group Fallback,Household Durables,Consumer Discretionary
25201030,Homebuilding,"XHB, ITB",Direct,Household Durables,Consumer Discretionary
25201040,Household Appliances,"XHB, ITB, XRT",Industry Group Fallback,Household Durables,Consumer Discretionary
25201050,Housewares & Specialties,"XHB, ITB, XRT",Industry Group Fallback,Household Durables,Consumer Discretionary
25202010,Leisure Products,"XHB, ITB, XRT",Industry Group Fallback,Leisure Products,Consumer Discretionary
25203010,"Apparel, Accessories & Luxury Goods","XHB, ITB, XRT",Industry Group Fallback,"Textiles, Apparel & Luxury Goods",Consumer Discretionary
25203020,Footwear,"XHB, ITB, XRT",Industry Group Fallback,"Textiles, Apparel & Luxury Goods",Consumer Discretionary
25203030,Textiles,"XHB, ITB, XRT",Industry Group Fallback,"Textiles, Apparel & Luxury Goods",Consumer Discretionary
25301010,Casinos & Gaming,"PEJ, BJK",Industry Group Fallback,"Hotels, Restaurants & Leisure",Consumer Discretionary
25301020,"Hotels, Resorts & Cruise Lines","PEJ, BJK",Industry Group Fallback,"Hotels, Restaurants & Leisure",Consumer Discretionary
25301030,Leisure Facilities,"PEJ, BJK",Industry Group Fallback,"Hotels, Restaurants & Leisure",Consumer Discretionary
25301040,Restaurants,"PEJ, BJK",Industry Group Fallback,"Hotels, Restaurants & Leisure",Consumer Discretionary
25302010,Education Services,"PEJ, BJK",Industry Group Fallback,Diversified Consumer Services,Consumer Discretionary
25302020,Specialized Consumer Services,"PEJ, BJK",Industry Group Fallback,Diversified Consumer Services,Consumer Discretionary
25501010,Distributors,XRT,Industry Group Fallback,Distributors,Consumer Discretionary
25503030,Broadline Retail,XRT,Industry Group Fallback,Broadline Retail,Consumer Discretionary
25504010,Apparel Retail,XRT,Industry Group Fallback,Specialty Retail,Consumer Discretionary
25504020,Computer & Electronics Retail,XRT,Industry Group Fallback,Specialty Retail,Consumer Discretionary
25504030,Home Improvement Retail,XRT,Industry Group Fallback,Specialty Retail,Consumer Discretionary
25504040,Other Specialty Retail,XRT,Industry Group Fallback,Specialty Retail,Consumer Discretionary
25504050,Automotive Retail,XRT,Industry Group Fallback,Specialty Retail,Consumer Discretionary
25504060,Homefurnishing Retail,XRT,Industry Group Fallback,Specialty Retail,Consumer Discretionary
30101010,Drug Retail,"XLP, XRT",Industry Group Fallback,Consumer Staples Distribution & Retail,Consumer Staples
30101020,Food Distributors,"XLP, XRT",Industry Group Fallback,Consumer Staples Distribution & Retail,Consumer Staples
30101030,Food Retail,"XLP, XRT",Industry Group Fallback,Consumer Staples Distribution & Retail,Consumer Staples
30101040,Consumer Staples Merchandise Retail,"XLP, XRT",Industry Group Fallback,Consumer Staples Distribution & Retail,Consumer Staples
30201010,Brewers,"PBJ, FTXG",Industry Group Fallback,Beverages,Consumer Staples
30201020,Distillers & Vintners,"PBJ, FTXG",Industry Group Fallback,Beverages,Consumer Staples
30201030,Soft Drinks & Non-alcoholic Beverages,"PBJ, FTXG",Industry Group Fallback,Beverages,Consumer Staples
30202010,Agricultural Products & Services,"PBJ, FTXG",Industry Group Fallback,Food Products,Consumer Staples
30202030,Packaged Foods & Meats,"PBJ, FTXG",Industry Group Fallback,Food Products,Consumer Staples
30203010,Tobacco,"PBJ, FTXG",Industry Group Fallback,Tobacco,Consumer Staples
30301010,Household Products,"XLP, VDC, IYK",Sector Fallback,Household Products,Consumer Staples
30302010,Personal Care Products,"XLP, VDC, IYK",Sector Fallback,Personal Care Products,Consumer Staples
35101010,Health Care Equipment,"XHE, IHI",Industry Group Fallback,Health Care Equipment & Supplies,Health Care
35101020,Health Care Supplies,"XHE, IHI",Industry Group Fallback,Health Care Equipment & Supplies,Health Care
35102010,Health Care Distributors,"XHE, IHI",Industry Group Fallback,Health Care Providers & Services,Health Care
35102015,Health Care Services,"XHE, IHI",Industry Group Fallback,Health Care Providers & Services,Health Care
35102020,Health Care Facilities,"XHE, IHI",Industry Group Fallback,Health Care Providers & Services,Health Care
35102030,Managed Health Care,"XHE, IHI",Industry Group Fallback,Health Care Providers & Services,Health Care
35103010,Health Care Technology,"XHE, IHI",Industry Group Fallback,Health Care Technology,Health Care
35201010,Biotechnology,"XBI, IBB",Industry Fallback,Biotechnology,Health Care
35202010,Pharmaceuticals,"XPH, IHE, PJP",Industry Fallback,Pharmaceuticals,Health Care
35203010,Life Sciences Tools & Services,"XBI, IBB, XPH",Industry Group Fallback,Life Sciences Tools & Services,Health Care
40101010,Diversified Banks,KBE,Industry Fallback,Banks,Financials
40101015,Regional Banks,"KRE, IAT",Direct,Banks,Financials
40201020,Diversified Financial Services,"KCE, IAI",Industry Group Fallback,Financial Services,Financials
40201030,Multi-Sector Holdings,"KCE, IAI",Industry Group Fallback,Financial Services,Financials
40201040,Specialized Finance,"KCE, IAI",Industry Group Fallback,Financial Services,Financials
40201050,Commercial & Residential Mortgage Finance,"KCE, IAI",Industry Group Fallback,Financial Services,Financials
40201060,Transaction & Payment Processing Services,"KCE, IAI",Industry Group Fallback,Financial Services,Financials
40202010,Consumer Finance,"KCE, IAI",Industry Group Fallback,Consumer Finance,Financials
40203010,Asset Management & Custody Banks,"KCE, IAI",Industry Group Fallback,Capital Markets,Financials
40203020,Investment Banking & Brokerage,"KCE, IAI",Industry Group Fallback,Capital Markets,Financials
40203030,Diversified Capital Markets,"KCE, IAI",Industry Group Fallback,Capital Markets,Financials
40203040,Financial Exchanges & Data,"KCE, IAI",Industry Group Fallback,Capital Markets,Financials
40204010,Mortgage REITs,"KCE, IAI",Industry Group Fallback,Mortgage Real Estate Investment Trusts (REITs),Financials
40301010,Insurance Brokers,"KIE, IAK",Industry Group Fallback,Insurance,Financials
40301020,Life & Health Insurance,"KIE, IAK",Industry Group Fallback,Insurance,Financials
40301030,Multi-line Insurance,"KIE, IAK",Industry Group Fallback,Insurance,Financials
40301040,Property & Casualty Insurance,"KIE, IAK",Industry Group Fallback,Insurance,Financials
40301050,Reinsurance,"KIE, IAK",Industry Group Fallback,Insurance,Financials
45102010,IT Consulting & Other Services,"XSW, IGV",Industry Group Fallback,IT Services,Information Technology
45102030,Internet Services & Infrastructure,"XSW, IGV",Industry Group Fallback,IT Services,Information Technology
45103010,Application Software,"XSW, IGV",Industry Group Fallback,Software,Information Technology
45103020,Systems Software,"XSW, IGV",Industry Group Fallback,Software,Information Technology
45201020,Communications Equipment,XITK,Industry Group Fallback,Communications Equipment,Information Technology
45202030,"Technology Hardware, Storage & Peripherals",XITK,Industry Group Fallback,"Technology Hardware, Storage & Peripherals",Information Technology
45203010,Electronic Equipment & Instruments,XITK,Industry Group Fallback,"Electronic Equipment, Instruments & Components",Information Technology
45203015,Electronic Components,XITK,Industry Group Fallback,"Electronic Equipment, Instruments & Components",Information Technology
45203020,Electronic Manufacturing Services,XITK,Industry Group Fallback,"Electronic Equipment, Instruments & Components",Information Technology
45301010,Semiconductor Materials & Equipment,"SMH, SOXX, XSD",Industry Fallback,Semiconductors & Semiconductor Equipment,Information Technology
45301020,Semiconductors,"SMH, SOXX, XSD",Industry Fallback,Semiconductors & Semiconductor Equipment,Information Technology
50101010,Alternative Carriers,XTL,Industry Group Fallback,Diversified Telecommunication Services,Communication Services
50101020,Integrated Telecommunication Services,XTL,Industry Group Fallback,Diversified Telecommunication Services,Communication Services
50201010,Advertising,"PBS, XLC",Industry Group Fallback,Media,Communication Services
50201020,Broadcasting,"PBS, XLC",Industry Group Fallback,Media,Communication Services
50201030,Cable & Satellite,"PBS, XLC",Industry Group Fallback,Media,Communication Services
50201040,Publishing,"PBS, XLC",Industry Group Fallback,Media,Communication Services
50202010,Movies & Entertainment,"PBS, XLC",Industry Group Fallback,Entertainment,Communication Services
50202020,Interactive Home Entertainment,"PBS, XLC",Industry Group Fallback,Entertainment,Communication Services
50203010,Interactive Media & Services,"PBS, XLC",Industry Group Fallback,Interactive Media & Services,Communication Services
55101010,Electric Utilities,XLU,Direct,Electric Utilities,Utilities
55102010,Gas Utilities,"XLU, VPU, IDU",Sector Fallback,Gas Utilities,Utilities
55103010,Multi-Utilities,"XLU, VPU, IDU",Sector Fallback,Multi-Utilities,Utilities
55104010,Water Utilities,"XLU, VPU, IDU",Sector Fallback,Water Utilities,Utilities
55105010,Independent Power Producers & Energy Traders,"XLU, VPU, IDU",Sector Fallback,Independent Power and Renewable Electricity Producers,Utilities
55105020,Renewable Electricity,"ICLN, TAN, FAN",Direct,Independent Power and Renewable Electricity Producers,Utilities
60101010,Diversified REITs,"VNQ, XLRE",Industry Fallback,Diversified REITs,Real Estate
60102510,Industrial REITs,"XLRE, VNQ, IYR",Sector Fallback,Industrial REITs,Real Estate
60103010,Hotel & Resort REITs,"XLRE, VNQ, IYR",Sector Fallback,Hotel & Resort REITs,Real Estate
60104010,Office REITs,"XLRE, VNQ, IYR",Sector Fallback,Office REITs,Real Estate
60105010,Health Care REITs,"XLRE, VNQ, IYR",Sector Fallback,Health Care REITs,Real Estate
60106010,Multi-Family Residential REITs,"XLRE, VNQ, IYR",Sector Fallback,Residential REITs,Real Estate
60106020,Single-Family Residential REITs,"XLRE, VNQ, IYR",Sector Fallback,Residential REITs,Real Estate
60107010,Retail REITs,"XLRE, VNQ, IYR",Sector Fallback,Retail REITs,Real Estate
60108010,Other Specialized REITs,"XLRE, VNQ, IYR",Sector Fallback,Specialized REITs,Real Estate
60108020,Self-Storage REITs,"XLRE, VNQ, IYR",Sector Fallback,Specialized REITs,Real Estate
60108030,Telecom Tower REITs,"XLRE, VNQ, IYR",Sector Fallback,Specialized REITs,Real Estate
60108040,Timber REITs,"XLRE, VNQ, IYR",Sector Fallback,Specialized REITs,Real Estate
60108050,Data Center REITs,"XLRE, VNQ, IYR",Sector Fallback,Specialized REITs,Real Estate
60201010,Diversified Real Estate Activities,"XLRE, VNQ, IYR",Sector Fallback,Real Estate Management & Development,Real Estate
60201020,Real Estate Operating Companies,"XLRE, VNQ, IYR",Sector Fallback,Real Estate Management & Development,Real Estate
60201030,Real Estate Development,"XLRE, VNQ, IYR",Sector Fallback,Real Estate Management & Development,Real Estate
60201040,Real Estate Services,"XLRE, VNQ, IYR",Sector Fallback,Real Estate Management & Development,Real Estate
